Dataset,Disassembler,add_opaque_bug_array,add_opaque_bug_env,add_opaque_bug_list,add_opaque_call_array,add_opaque_call_env,add_opaque_call_list,add_opaque_junk_array,add_opaque_junk_env,add_opaque_junk_list,add_opaque_question_array,add_opaque_question_env,add_opaque_question_list,add_opaque_true_array,add_opaque_true_env,add_opaque_true_list,anti_alias_analysis_001,anti_taint_analysis,anti_taint_analysis_argv,anti_taint_analysis_sysCalls,encode_branches_branchFuns_array,encode_branches_branchFuns_env,encode_branches_branchFuns_list,encode_branches_goto2nopSled_array,encode_branches_goto2nopSled_env,encode_branches_goto2nopSled_list,flatten_call,flatten_goto,flatten_indirect,flatten_switch,self_modify_arithmetic_array,self_modify_arithmetic_clobber_array,self_modify_arithmetic_clobber_env,self_modify_arithmetic_clobber_list,self_modify_arithmetic_env,self_modify_arithmetic_list,self_modify_arithmetic_stack_array,self_modify_arithmetic_stack_env,self_modify_arithmetic_stack_list,self_modify_arithmetic_text_array,self_modify_arithmetic_text_env,self_modify_arithmetic_text_list,self_modify_comparisons_array,self_modify_comparisons_clobber_array,self_modify_comparisons_clobber_env,self_modify_comparisons_clobber_list,self_modify_comparisons_env,self_modify_comparisons_list,self_modify_comparisons_stack_array,self_modify_comparisons_stack_env,self_modify_comparisons_stack_list,self_modify_comparisons_text_array,self_modify_comparisons_text_env,self_modify_comparisons_text_list,self_modify_indirectBranch_array,self_modify_indirectBranch_clobber_array,self_modify_indirectBranch_clobber_env,self_modify_indirectBranch_clobber_list,self_modify_indirectBranch_env,self_modify_indirectBranch_list,self_modify_indirectBranch_stack_array,self_modify_indirectBranch_stack_env,self_modify_indirectBranch_stack_list,self_modify_indirectBranch_text_array,self_modify_indirectBranch_text_env,self_modify_indirectBranch_text_list,virtualize_binary,virtualize_call,virtualize_direct,virtualize_ifnest,virtualize_indirect,virtualize_interpolation,virtualize_linear,virtualize_switch
Instructions,Angr,0.0003773942117883955,0.00027806815323294654,0.00027877955001587296,0.00037219072031713374,0.0002571507497772796,9.730972360932899e-05,-0.005202373365704394,-0.005759917446036655,-0.005276716923620639,0.0005921467781532241,0.0005659176384914533,0.0005949455084011124,-0.00016435674338088901,0.00027024860496527303,0.00018403235914232763,0.0003610995029019737,0.00019347009153447559,0.00031184029874697927,0.00019347009153447559,-0.017289358855520076,-0.026000768421711395,-0.0149289334749938,0.00029955371636469774,0.00022195586140438817,-0.0002645603889190884,0.0007191746533120602,-0.0010754181801378992,0.0005093131266739048,0.0004903873481064691,-0.129208705700264,-0.12559138227890154,-0.13111441873551666,-0.1264495664810984,-0.1286871364056763,-0.1276778743079321,-0.13117012023153152,-0.13439273434593035,-0.1326267667979567,-0.13020490742795454,-0.1350720330827082,-0.1360781510700757,-0.053543437878208255,-0.05408973357724933,-0.057176054540547305,-0.057298457258216806,-0.058538044019990854,-0.0521426577298173,-0.06512437118138892,-0.06289121253579188,-0.060373780321195,-0.06985139943609053,-0.07030169597879332,-0.07061728920206434,0.0004971005408628271,0.0004935058202641951,0.0004264331232233243,0.0005046643700789,0.00048195900923309054,0.0005046657700835677,0.0004935058202641951,0.0004347713113902474,0.0004973246541790655,0.0004935058202641951,0.0004347713113902474,0.0005046643700789,0.001009574914498157,0.0010149996520425475,0.0009997756299419125,0.001009918642683627,0.0010097198330663026,0.0010096888141123417,0.0010097047611737908,0.001011627691856587
Instructions,Bap,0.007001195014993633,0.005450561722184943,0.00575869511711935,0.006151768280619585,0.004691581126914701,0.005036183796986782,-0.00043133380972626423,-0.00522221484974128,-0.006715649634928544,0.014841559939689275,0.014449149643887105,0.014774491110302379,0.005300920539673126,0.0043893840984722265,0.0049819053401951585,0.00480790287241073,0.003928538620784683,0.005551040579229172,0.003928538620784683,-0.15510452922067353,-0.14065686868478067,-0.13821650227997861,-0.26534780314928863,-0.2129741059910697,-0.20151548785591256,0.018589967981691324,-0.530336995995051,-0.6122139792406598,-0.5057265565368417,-0.5728270453486438,-0.5728425180883874,-0.5996035318060298,-0.5882649743376864,-0.5995054348861658,-0.5882354375471555,-0.5744432661496466,-0.6002616476017097,-0.5893128088126334,-0.5749930444780984,-0.6017856315137416,-0.5903257743781956,-0.4746510213394546,-0.47460931297842035,-0.5188377854714089,-0.5017904470226032,-0.5182477242467007,-0.5016922353386615,-0.4811810486573823,-0.5249835529272897,-0.5088957345964096,-0.4833550137177463,-0.5269784730304068,-0.5100861613687455,0.008235133483527113,0.00823711809528438,0.007704785532627656,0.008486560672619659,0.0077590240007108235,0.008482798986331308,0.00823711809528438,0.007928626503683533,0.008271197252116336,0.00823711809528438,0.007928594542447431,0.008487061171211563,-0.13007014289115415,-0.03697195656447261,-0.6843029825767323,-0.016090958369001984,-0.16733542801902657,-0.12708279463087258,-0.13324083367537798,-0.08560497519754795
Instructions,Dyninst,0.01327194715766622,-0.01513852831401985,-0.042302162804478516,0.08046490774866033,0.05228852837870024,0.08320554782556588,0.006422698325594944,-0.03544236107850052,-0.05107586537098363,-0.09406630160547902,-0.08112015152661123,-0.18123560761703594,-0.014843637892834827,0.005795157387975314,0.012370164613433099,-0.035366528666764596,0.0024815878533849256,-0.01988725627344512,0.0024815878533849256,-0.1769218989069571,-0.1061857129577829,-0.1520393638577131,-0.17774494693923626,-0.15993845744839486,-0.18528053691078006,-0.22036100540390668,-0.31112745993127094,-0.4062049946674569,-0.007896720051478567,-0.3978903634038655,-0.3924042939890134,-0.4274908959114757,-0.4209762003088222,-0.4025850963988621,-0.4151948718604966,-0.4100750801472247,-0.4421122771384438,-0.42682146480449573,-0.3913795163696646,-0.4274650975430482,-0.4190344340910183,-0.22974340000313942,-0.23058699080650225,-0.25125463414489835,-0.2642156412951292,-0.2691095637426393,-0.259736021792376,-0.25084803434003555,-0.2527948571515254,-0.2580097514433606,-0.2513880712376697,-0.28095480236380227,-0.2567290155513229,0.009471676061393541,-0.04645774094499011,-0.04692763683983392,-0.09643083967817634,-0.024325991063166574,0.032894698798219046,-0.04645774094499011,-0.05699245932815089,-0.08703114597884865,-0.04645774094499011,-0.05699272387348653,-0.09643083967817634,0.04984443670724559,-0.14639584345363232,-0.4729918509482554,0.047045986785690386,0.03681659406461957,0.05282486026219235,0.07096351500961229,0.04617800208023137
Instructions,Ghidra,0.0003471644106765037,0.0002280418934339501,0.00024588000760206175,0.0003719969609649043,0.0002730138225769396,8.705240963946537e-05,-0.015138246415350554,-0.01880549819782107,-0.015827200259674323,0.0006351946030893618,0.0006203047430565212,0.0006349094657549514,-0.00018165711229878312,0.0002574204916242495,0.00017824639552210808,0.0003405567653875785,0.00018112289557403738,0.00029590159729597776,0.00018112289557403738,-0.15593671414385368,-0.13094610991530653,-0.13101962663745914,-0.25503499642840666,-0.20016460707805406,-0.05429504137008312,-0.0014163313484567563,-0.008482311323924407,-0.12265541867418661,-0.0006384946889779197,-0.027026926094818493,-0.026842297634592005,-0.0278979267174273,-0.026662944896831742,-0.027411161340343826,-0.02671131175678032,-0.037818351432938324,-0.03588576128450305,-0.03820361596934019,-0.03521539182576727,-0.03930481942017661,-0.03601374882169028,-0.05469108188051797,-0.05558451083634475,-0.057856707049976364,-0.05771710356439397,-0.059473466697130495,-0.06073556231007582,-0.06339782732159693,-0.07176133657484385,-0.068947635522419,-0.06475398796298015,-0.06822488920374858,-0.0686157498929314,0.0004598293269306719,0.00045623108991066363,0.0003901278016444909,0.0004669112016734145,0.0004456651660985633,0.0004669126063906459,0.00045623108991066363,0.00039797538691566103,0.0004600484137559091,0.00045623108991066363,0.00039797538691566103,0.0004669112016734145,-0.10051149138489468,0.0009473063559050088,-0.03266419802334786,0.0009264093188783296,0.0009103711799799408,-0.09864761112815523,-0.10252095624636581,-0.006257561770108944
Instructions,Ida,0.0004254877156416592,0.00032775722804812,0.0003318739045653496,0.00041956736131809613,0.00030130111197512743,0.00013957096199312957,-0.2895185585234279,-0.2921503906379047,-0.2649274996088681,0.0005086869153373419,0.0004952832229075943,0.0005199660535749606,-0.00015014322380957346,0.00028323660407536533,0.0002245363998795158,0.00036628599552424035,0.000219385744549494,0.00033717074059380625,0.000219385744549494,-0.29727551040109235,-0.2570890387869985,-0.27640565415620555,-0.12130313400514314,-0.08241616716080358,-0.11722287100896345,0.000743393900477396,-0.37086607989615716,-0.23980595264438975,0.0005203106557516435,-0.5875869865831893,-0.5876525618068349,-0.6137640692624646,-0.6030930093822446,-0.6135787863395359,-0.6030798923761528,-0.5896871822350676,-0.6155927223598362,-0.6049068546086316,-0.589675821252227,-0.615937380668312,-0.6050814276080587,-0.4879867972182761,-0.487715865754907,-0.5301322440933899,-0.5144310437684937,-0.5303013117612361,-0.5143466906458443,-0.4948597245179692,-0.5373766983984838,-0.5218667508808096,-0.4952492451957464,-0.5375600582410647,-0.5220771560164088,0.0005242510107468235,0.0004839086546473137,0.00047272614920135236,0.0005345254331782234,0.0005235575932023284,0.0005324906385215655,0.0004839086546473137,0.00048071507334201957,0.0005273052284637814,0.0004839086546473137,0.00048071507334201957,0.0005345254331782234,-0.139392727343018,0.0010399397631891683,-0.6458659156118289,0.0010397345962653848,0.00017380936562294558,-0.13677298286578732,-0.14647677804617143,0.0010397287414387613
Instructions,Ninja,0.00034424663330012706,0.00022661057965467357,0.00023599971610399617,0.0005145695695601971,0.00038131129414109566,0.00024053818463865007,-0.0050220265668615705,-0.007314238009452745,-0.005102758799180762,-0.0001552346605711019,-0.00021236313613259838,2.1828624308106725e-06,-0.0002225065791040537,0.0005271643075238641,8.823812108704754e-05,0.0008665104907769061,0.0003257042118821607,9.808176673797853e-05,-4.339224174709777e-05,-0.04592145015160021,-0.06167533687835347,-0.03438276197206225,-0.2714933391467357,-0.21690846936454056,-0.029447972587144267,-8.469465509275409e-05,-0.5244347504305247,-0.6132854408080528,-0.22748550484732977,-0.08919101400067764,-0.0745697507111297,-0.09017942247882982,-0.08952854382431974,-0.09811262418303146,-0.08421152724687264,-0.11267257624995819,-0.10585896252920757,-0.09927935834199642,-0.10249772943413316,-0.09964244665508437,-0.11269401475048113,-0.03847425206356225,-0.04172287953580167,-0.04483064064708797,-0.04118151078868071,-0.039323148147999865,-0.040607787571144804,-0.050148876803044584,-0.05255432249163006,-0.048413807716856994,-0.060610565746524236,-0.061825354734086235,-0.06044525909769616,0.0006634338301297893,0.00011963410518966988,3.270801177801541e-05,0.0006773713755188204,-7.502803143510928e-05,0.00014173184489618684,0.00030693047666474627,-0.00010942156892934651,0.00011883637842668993,-1.8499333115373773e-06,5.3101078303807725e-05,0.0005158897694735876,-0.17550033480341576,0.0014807407351267177,-0.6972136541914296,-0.026089644760487474,-0.2149964960837486,-0.17254634926705148,-0.17868249706247374,-0.026150731010947892
Instructions,Objdump,0.0003824264965759383,0.00030440367197281937,0.00022993317260155965,0.00043172186841833327,0.00030964261373911395,0.00012634373797681953,-0.00691322017940299,-0.007683935564186339,-0.005627515300903996,0.0007852136896134843,0.000766739874414446,0.0007846736773632346,-0.00013514635938660646,0.00029895293901494036,0.0001296798795193954,0.000406495116467287,0.00022112930653472862,0.00034003798226067694,0.00022112930653472862,-0.01308121086985381,-0.02410410047464162,-0.01358762759094112,0.000508067579774174,0.00037269653512050915,0.0003963048308053274,0.0008371244719495019,0.0005607526820847752,0.0006759960346625071,0.0005898356949364247,-0.12158616413657264,-0.11609559216410026,-0.12348941128333213,-0.11936311221311513,-0.12091456836098691,-0.11826557977307717,-0.12362045430298163,-0.12601712253907726,-0.12402142554632956,-0.1265533602934552,-0.1305281982723271,-0.13340559180585854,-0.05156332766636662,-0.050867366564881666,-0.05616239426208869,-0.05602342792513637,-0.05617386090722931,-0.0498184300571618,-0.060665340865330375,-0.06067139487734596,-0.05838226479313946,-0.06746499088986013,-0.0702444226298512,-0.07082323626939602,0.0005526146473348037,0.0005500478969370226,0.00047944868360449977,0.0005617396904157301,0.0005345822695608238,0.0005617510440522056,0.0005500478969370226,0.0004890747644177296,0.00055315167997394,0.0005500478969370226,0.0004890730056135162,0.0005617396904157301,0.0011626936771843566,0.0011629004213442595,0.001162298466073075,0.0011626952571144322,0.0011627052686254968,0.0011626962010085062,0.0011626909948043718,0.001162689402443684
Instructions,Radare,-0.03179123436638098,-0.06371326482215,-0.02454750370857539,0.09463224914273727,0.08095611792733182,0.0553528445829069,-0.09055364838778435,-0.07008460669202687,-0.01586110148502906,0.10777620745283611,0.1134641661293434,0.11089492768454101,-0.03779312088564124,-0.03611325838715196,-0.01609550199359655,-0.3463681547103836,-0.08286924282684482,-0.08851377318488729,-0.08286924282684482,-0.1047512041580897,-0.10207396019828896,-0.08982219200610075,-0.22245501064457174,-0.16491520168834828,-0.14695098406747276,-0.2761107229340768,-0.42116102879078304,-0.49558340365968123,-0.37332176155576496,-0.513822873474216,-0.509717165921459,-0.5240188586463576,-0.5218624556563094,-0.5356559531384835,-0.5110862489671231,-0.5014536499766349,-0.5303461049209395,-0.5169668988696352,-0.5103624762857732,-0.5347880633215412,-0.528607321886962,-0.43997159500942506,-0.42954797833010466,-0.47701949177580766,-0.46217332081687384,-0.4635122198294426,-0.4510890942537578,-0.4504863097625361,-0.4749638097045968,-0.4532297219589208,-0.46965602122412203,-0.4977907366147552,-0.47478253314270236,-0.08327948081573522,-0.1270437192199385,-0.1159670951008499,-0.1280880101927795,-0.08872836089869507,-0.08000587869844444,-0.1270437192199385,-0.12521681599049417,-0.1283503459696299,-0.1270437192199385,-0.12521852409079381,-0.12803744628417457,-0.5405485091215678,-0.4108855306966629,-0.5714631753705778,-0.3436018129850549,-0.6503433114328354,-0.5268059005374819,-0.5608773103920481,-0.30777229498746306
Functions,Angr,0.011805165131871798,0.010773362151104915,0.011411989877487927,0.012943659114803774,0.012380831883324062,0.013628107379484833,-0.02351611573589718,-0.021568963236575756,-0.038289827525660014,0.07754020181839427,0.07792474137464112,0.08018450392820253,0.014854913911519607,0.015227134466609504,0.01580443775535112,0.01661294641477884,0.015868173585299683,0.016250500950582114,0.015868173585299683,-0.05093102609449707,-0.056803290650420335,-0.06137043901253614,-0.04439830381179599,-0.039602403170963196,-0.08218698224112819,0.1808596944897678,-0.4385650034148259,-0.5035090966876727,-0.0015344859815541456,-0.5300815727826513,-0.5252724641627584,-0.5329987100056178,-0.5274817788865243,-0.5294424193600469,-0.5263979633477843,-0.5225748018110576,-0.5193008893649109,-0.5203965454455205,-0.541987620212367,-0.5404157164116301,-0.5327696077457301,-0.3192907659939078,-0.33026468791778274,-0.3276012243354863,-0.33538943547681643,-0.32450035821979584,-0.32343772664902326,-0.32242984950153775,-0.3185276349080786,-0.296028583873946,-0.347245548397484,-0.3357826979157241,-0.33806390500117917,0.015065396219839822,0.014819476255609976,0.013683342559472567,0.015043557933960727,0.013895988818665828,0.014619963737201092,0.014819476255609976,0.014855744978381713,0.013873838557273976,0.014819476255609976,0.014855744978381713,0.015043557933960727,-0.5295316524492755,0.18684909920141335,-0.5034977391556026,0.00024066428468205725,-0.49885895404254343,-0.5295316524492755,-0.49532993355253,-0.020215520472139925
Functions,Bap,0.013090737245450956,0.013090737245450956,0.013090737245450956,0.013090737245450956,0.013090737245450956,0.012958160559925824,-0.01723384312682219,-0.01434548223671861,-0.018496233344677315,0.059079674928071424,0.058990920576908246,0.05978046195431297,0.012751619274073644,0.013265911543877906,0.012846118850147747,0.012135550050294097,0.012335676129724082,0.012335676129724082,0.012335676129724082,-0.025927861523052265,-0.028071929672819462,-0.030228906677948753,0.01667149630053244,0.01667149630053244,0.01667149630053244,0.09965007486745159,0.00850034688612411,0.00850034688612411,0.00850034688612411,-0.07766183462400067,-0.07636021766450529,-0.07798854784310438,-0.05659013383810951,-0.07751024187133682,-0.055518633223441416,-0.041100286574656475,-0.040534936524641796,-0.039574285456457914,-0.08917943611083179,-0.08891131731622415,-0.06511573674313564,-0.05152703050458718,-0.054627829571759046,-0.07257886708515726,-0.04842161435366332,-0.05439495521205673,-0.046368737924288084,-0.04275762638183145,-0.042794094126589854,-0.03194341844088111,-0.11614049188833342,-0.11614049188833342,-0.08781925232878074,0.012253659277589368,0.012253659277589368,0.011608643156710508,0.012253659277589368,0.011704252272397575,0.012253659277589368,0.012253659277589368,0.012159396769165554,0.011704252272397575,0.012253659277589368,0.012159396769165554,0.012253659277589368,-0.018949598728830175,0.09489563314022442,-0.016894069029522285,-0.018949598728830175,-0.018949598728830175,-0.018949598728830175,-0.018949598728830175,-0.018949598728830175
Functions,Dyninst,0.011474009098899285,-0.0019508139348947129,-0.021890566097115483,0.07706001742563418,0.06956388292812932,0.0897627746292764,0.001397179945909932,-0.0326476696616852,-0.022038887679528774,-0.032440495352911713,-8.52018018060452e-05,-0.08818657249698059,0.0007921790604867862,0.014672476453596373,0.02299598117717272,-0.03022747039555218,0.005852667651222054,0.010603510039270292,0.005852667651222054,-0.12113344055064779,-0.09192852610635716,-0.10902037902444195,-0.10035405829074329,-0.11491832660393608,-0.09687207408436038,-0.24300094372448666,-0.18758022589537393,-0.1944427003781236,0.0021242021891565432,-0.12509037381182342,-0.12678480898233924,-0.12798672933097088,-0.11950355162084658,-0.12989858529620169,-0.11961934226088611,-0.1277537412428753,-0.14685897832937822,-0.1314356115227755,-0.16204272997579416,-0.17366047207062196,-0.13320747231749108,-0.12140230458213941,-0.11225313492152977,-0.12513588375836482,-0.078401010210982,-0.10704931379056526,-0.09855461930983389,-0.13802212728044227,-0.09560368527048035,-0.09729578875721079,-0.13044784288660016,-0.12042102006883193,-0.09644460610157157,0.035531512504276,0.01474056230455123,-0.02174566471087014,-0.03002202969312706,0.0187676593054118,0.045973799689940975,0.01474056230455123,-0.02624551741840675,-0.025576127160943596,0.01474056230455123,-0.02624551741840675,-0.03002202969312706,-0.238730333654947,-0.1156908109876581,-0.22642876977937154,0.09383264456487783,-0.23472911789419704,-0.23991609355448484,-0.23236944817402583,0.09314987145563414
Functions,Ghidra,0.0006993932245156209,0.0003057066267718733,0.00014876201312696846,3.940320110895623e-05,0.0003080037920302203,0.0004254206217757517,-0.016461864937092674,-0.023087876379840444,-0.014141690498003179,0.0028848736148675558,0.003064787291736204,0.003050712952210044,0.00011667825368910645,0.000892251785450382,0.0002616737430142235,0.0006012104748426284,0.0001605357403827723,0.0007680439750096246,0.0001605357403827723,0.0010433572793435708,0.00048572662634505104,0.0005115426619435315,0.000834093201795505,0.0005994060786543853,0.0008045955890098044,0.005525852682596977,0.0035316138483263426,0.0035316138483263426,0.0035316138483263426,0.0012961446153127998,0.0012961446153127998,0.0012961446153127998,0.0012961446153127998,0.0010160325704949846,0.0010977614382063905,0.0009477125595638292,0.0011489015075435427,0.0012961446153127998,0.0007789862774130185,0.0008879813500067835,0.0012961446153127998,0.001474482714933334,0.001474482714933334,0.001474482714933334,0.0009642786333006192,0.0009642786333006192,0.001474482714933334,0.001474482714933334,0.0011375554912137487,0.001474482714933334,0.001474482714933334,0.001474482714933334,0.001474482714933334,0.0013592911525769358,0.0009489861855197512,0.0009617070164376074,0.0009568766656554706,0.0012961446153127998,0.0009568766656554706,0.0009489861855197512,0.0010295639424182657,0.0008879813500067835,0.0009489861855197512,0.0010295639424182657,0.0009568766656554706,0.00516892614804676,0.005741278573543562,0.005187429863592885,0.00516892614804676,0.00516892614804676,0.00516892614804676,0.00516892614804676,0.00516892614804676
Functions,Ida,0.002904415253402237,0.002904415253402237,0.002904415253402237,0.002904415253402237,0.002904415253402237,0.002766074364158655,-0.07888003508020214,-0.09473160503058864,-0.0856529034510608,0.01260140386913311,0.012486726903568224,0.012656168346951824,0.002307073478036159,0.0031028589735606626,0.002636033928269499,0.002676106907716025,0.002676106907716025,0.002676106907716025,0.002676106907716025,-0.07885199442354696,-0.06282550567626166,-0.07268223901789084,-0.05566590473243693,-0.06654588505007086,-0.057075011496237615,0.021282120480381472,-0.081025778612698,-0.46420338100291625,0.0042254242349547555,-0.02264816042299833,-0.017315995615642343,-0.0189047360818011,0.001894249698857542,-0.013231934193824069,0.001969254019864697,-0.02002682870691952,-0.013375694277141914,0.0018636122785767872,-0.02049750883978152,-0.020648998627061377,0.001619701740146029,-0.029247549382821147,-0.021814656074643057,-0.019990305098586902,0.00016743044743916524,-0.012033301199763535,0.00016743044743916524,-0.013981984783619117,-0.02898592916295606,0.00016743044743916524,-0.021624275616314415,-0.02191118588571006,0.00016743044743916524,0.0025130720678410157,0.0025130720678410157,0.002248217746196879,0.0025130720678410157,0.0023495244559310624,0.0025130720678410157,0.0025130720678410157,0.0024131922131734873,0.0023495244559310624,0.0025130720678410157,0.0024131922131734873,0.0025130720678410157,-0.07628675442275701,0.02069314835400904,-0.025777375520584345,-0.00013924354845296083,-0.6794139249874505,-0.07560951043981501,-0.0847677020972355,-0.00013924354845296083
Functions,Ninja,-0.000903305332851434,0.0003880600153503,-0.0007191329728056806,0.00027979897882912663,-9.646796657902801e-05,0.0006391943502318531,-0.021089957313241814,-0.027128100530080745,-0.02786401577479891,-0.01093971808881622,-0.0109687972980973,-0.010654015226680968,-0.0002836808947958014,0.0002394251870084796,-5.81491149937996e-05,-0.0016757859760428984,-0.0010910600305290563,0.0004669466475250017,-0.0010910600305290563,-0.03285663519770132,-0.02922851203214083,-0.03425786811253684,-0.006468555284943056,-0.007023921407739442,-0.003736920137272226,-0.016324003035591672,-0.03816085105005307,-0.05299968619191664,-0.41223861083492763,-0.6025771733411789,-0.6091185300604307,-0.6004253927790406,-0.5997773040390675,-0.5969528745093822,-0.6031030038633249,-0.5926896686250835,-0.5940102067040386,-0.6000720056404117,-0.6069892865206528,-0.6112072249321667,-0.5911060049888084,-0.31217287527543214,-0.31468443100827215,-0.31272150658236997,-0.31213271891511574,-0.3156992635584862,-0.3061498860908852,-0.3140101185839075,-0.3108265068188232,-0.3108993193467148,-0.308147445047646,-0.3078365283668799,-0.3051615431494571,-0.001750518402253154,-0.002374546184781612,-0.0009176491037028445,-0.0021139669009634376,-0.0006402894416909222,-0.002292090747929465,-0.002374546184781612,-0.0024241789576523454,-0.0007373839456440434,-0.002374546184781612,-0.0024241789576523454,-0.0021139669009634376,-0.10176004204548161,0.0017286856158178487,-0.03716927940185166,-0.006274361210183765,-0.04327884211296462,-0.10176004204548161,-0.0986608512926882,-0.005168097641814029
Functions,Radare,-0.05134234829340045,-0.052510564461865195,-0.011400958444448661,-0.02202807132224227,-0.014146983415873171,0.0075441822783941515,-0.07718058069511757,-0.07794618860063629,-0.028139497720338524,0.009230075265683979,0.008155875440279181,0.018932978586327365,-0.05242943536502609,-0.04680661252987939,-0.009826691109506958,-0.11653108821516822,-0.055167683091356556,-0.05485305893585457,-0.055167683091356556,-0.04724040220571135,-0.050045643268646245,-0.012086300728544885,-0.06608443822192289,-0.06413894084825011,-0.024074949314312644,-0.4228437626302939,-0.035201030545384704,-0.03755266267288304,-0.03544509239808824,-0.05663188151155185,-0.054411979342153916,-0.053989604863517116,-0.023196372161099044,-0.058104113874938634,-0.02164680441614586,-0.05625103149967314,-0.061084379222850704,-0.019204920794254066,-0.04597652220230419,-0.04628004073887515,-0.032910563563606665,-0.06569008337254223,-0.06090407171942902,-0.05526387466705107,-0.027334678295804715,-0.06365487056406782,-0.027054780312923854,-0.06919745918716347,-0.06783006843672001,-0.021464344920741674,-0.07134920183962112,-0.06977701072398679,-0.029885492782318113,-0.05635903586030455,-0.05876290357009628,-0.062177368943144184,-0.016590808353560305,-0.05947516194811675,-0.016733567188288556,-0.05876290357009628,-0.06140625278442613,-0.017255106036970003,-0.05876290357009628,-0.06140625278442613,-0.016590808353560305,-0.0611798174107554,-0.44871632797135,-0.054617907009598454,-0.06310833231722557,-0.06279409976577177,-0.06469495406015002,-0.06402647261948935,-0.06035643266863311
JumpTable,Angr,-0.04494651998479557,-0.05688838240208102,-0.030305830694878966,-0.023311338470176496,-0.03917180995641928,-0.02783109868962491,-0.007251442828365873,-0.006708070469716387,-0.004814173348656081,-0.11374142708285931,-0.11451947256678713,-0.11596367550447997,-0.02445116010482301,-0.010361140535351365,-0.012185004036333602,0.04703430512254042,0.0,0.0,0.0,-0.19953880350920086,-0.21024463456281636,-0.2019776913159266,-0.0025061208280386382,-0.0025061208280386382,-0.002707571271229614,-0.053949243138246034,0.06023334773334771,0.06367607617607618,0.529412989149892,0.057356454254950506,0.05430721226160917,0.05328560864275156,0.041703143488857786,0.05511250723435601,0.056885575435995595,0.05909605991356087,0.05598092108413627,0.05747221151356491,0.056335495264066726,0.05262429618019682,0.04971592435878153,0.05661094871621192,0.07486491697018016,0.05576060858015747,0.07497829565498743,0.07486491697018016,0.05661094871621192,0.05432248947286544,0.05628627339153658,0.07518959229485545,0.07378931128931132,0.07481515413333595,0.03885555817373998,0.001613560592433838,0.0014064354888712605,0.005356751785323244,0.001613560592433838,0.005356751785323244,0.001613560592433838,0.0014064354888712605,0.001613560592433838,0.005356751785323244,0.0014064354888712605,0.001613560592433838,0.001613560592433838,0.6092330827074475,0.5899724035593601,0.6152857703794503,0.5647531547034068,0.5943521303264951,0.6092330827074475,0.6092330827074475,0.6289712968729793
JumpTable,Dyninst,-0.012494001504879837,-0.043985437956238216,0.0016676216333750271,-0.10640894813940743,-0.06670245567085425,-0.04237851559293854,-0.03780975030975031,0.08565443216064333,0.05985071522152863,-0.01597170399206599,-0.10827627724686545,0.025522678798079845,0.04102716619839908,-0.03359874061928858,-0.03583360621031856,0.0847222222222222,-0.00601136851136852,0.008487195987195995,-0.00601136851136852,0.08844011922370126,-0.12472098722098723,-0.08583360145860147,0.03302694723927602,0.09262435135722807,0.12244856063349213,0.28110010695627136,-0.24185435435435435,-0.2959084084084084,0.42376521726204003,0.16342235092235086,-0.06038717288717288,0.1062794937794937,0.18246996996996995,0.09199377949377946,0.08246996996996997,0.025327112827112808,0.1967556842556843,0.2396128271128271,0.1872318747318748,0.14437473187473188,0.21104139854139853,0.11223187473187474,0.13604139854139857,0.06758901758901759,0.15304820126248703,0.1955652080652081,0.13604139854139857,0.133065208065208,0.12235092235092232,0.11342235092235092,0.12116044616044613,0.1062794937794938,0.0973509223509223,0.00608946471622529,-0.0018064487764265502,-0.014907890265033141,0.12470449600731298,0.05419221597793028,-0.04522162638359817,-0.0018064487764265502,-0.020578624627920428,0.13245070352213212,-0.0018064487764265502,-0.020578624627920428,0.12470449600731298,-0.23003003003003003,0.4593059544982622,-0.2660148785148785,0.4452348418416782,-0.23003003003003003,-0.23003003003003003,-0.23003003003003003,0.4962129335933478
JumpTable,Ghidra,-0.00332945469931778,-0.00332945469931778,-0.00332945469931778,-0.00332945469931778,-0.00332945469931778,-0.00332945469931778,0.04142911908869362,-0.012038509097332617,0.008842224148346678,0.025956175956175942,0.025956175956175942,0.014093964093964018,-0.00332945469931778,-0.00332945469931778,-0.00332945469931778,-0.1752252252252252,0.0,0.0,0.0,-0.014911116473616537,-0.001899301899301875,0.028613307184735648,-0.01050492762821531,-0.01050492762821531,-0.231661700839783,0.03670098670098665,-0.01569849069849072,0.01306306306306304,0.2169744947475899,-0.6605275171714248,-0.6606208878530307,-0.660215668072811,-0.6606208878530307,-0.6606208878530307,-0.660122297391205,-0.66048895923813,-0.6606208878530307,-0.6606142278463707,-0.660122297391205,-0.66048895923813,-0.66048895923813,-0.7136777688602223,-0.7137424686531829,-0.7136777688602223,-0.7136777688602223,-0.7136777688602223,-0.7136777688602223,-0.7136777688602223,-0.7136777688602223,-0.7136777688602223,-0.7137424686531829,-0.7136777688602223,-0.7136777688602223,-0.020897596249708883,-0.020897596249708883,-0.02466827895399326,-0.020897596249708883,-0.02466827895399326,-0.020897596249708883,-0.020897596249708883,-0.020897596249708883,-0.02466827895399326,-0.020897596249708883,-0.020897596249708883,-0.020897596249708883,0.024300193050193042,0.2283648783648783,0.15230283302053638,0.2232649239714457,0.2232649239714457,0.024300193050193042,0.024300193050193042,0.19749515870155399
JumpTable,Ida,-0.0029718563965138722,-0.0029718563965138722,-0.0029718563965138722,-0.0029718563965138722,-0.0029718563965138722,-0.0029718563965138722,-0.039464739464739496,-0.06777670527670521,-0.03456963456963458,0.021902781902781943,0.021902781902781943,0.00970645970645978,-0.0029718563965138722,-0.0029718563965138722,-0.0029718563965138722,0.0,0.0,0.0,0.0,-0.026503902623305486,-0.025478725478725428,0.02458440583440591,-0.013343676357374878,-0.013343676357374878,-0.0125608974924043,0.005247321685677875,-0.035306735306735226,-0.004375804375804315,0.18385877632853287,-0.0687687687687687,-0.0687687687687687,-0.0687687687687687,-0.0687687687687687,-0.0687687687687687,-0.0687687687687687,-0.0687687687687687,-0.0687687687687687,-0.0687687687687687,-0.0687687687687687,-0.0687687687687687,-0.0687687687687687,-0.03007829257829253,-0.03007829257829253,-0.03007829257829253,-0.03007829257829253,-0.03007829257829253,-0.03007829257829253,-0.03007829257829253,-0.03007829257829253,-0.03007829257829253,-0.03007829257829253,-0.03007829257829253,-0.03007829257829253,-0.009166711983613407,-0.009166711983613407,-0.012396886682600972,-0.009166711983613407,-0.012396886682600972,-0.009166711983613407,-0.009166711983613407,-0.009166711983613407,-0.012396886682600972,-0.009166711983613407,-0.009166711983613407,-0.009166711983613407,-0.001804483054482997,0.19130449130449134,0.0704808704808706,0.18432713009031243,0.18432713009031243,-0.001804483054482997,0.010695516945516959,0.19871772560304968
JumpTable,Ninja,0.0037261331781880402,-0.003123181890305138,-0.003123181890305138,-0.0006769979372718282,-0.003123181890305138,0.00617231713122135,-0.02475497475497479,-0.05249241588527298,-0.02005967005967002,0.02200937200937214,0.02200937200937214,0.014876269421724042,-0.003123181890305138,-0.0006769979372718282,-0.003123181890305138,0.011046761046761056,0.0024131274131274916,-0.002702702702702564,-0.002702702702702564,-0.009214545035440502,-0.0029601029601028506,0.0409883097383098,-0.002296915310613823,-0.006156449992066326,-0.6778133319229209,0.01629408273243893,-0.04227799227799223,-0.04227799227799223,0.19803039280048906,-0.001350125635839916,-0.008492982778697034,-0.0017896860754003097,-0.008492982778697034,-0.0017896860754003097,-0.001350125635839916,-0.001350125635839916,-0.001350125635839916,-0.001350125635839916,-0.0018036403750689711,-0.0018036403750689711,-0.0018036403750689711,-0.001344456701599439,0.007584114726971958,0.007584114726971958,0.007584114726971958,0.007584114726971958,-0.001344456701599439,0.007584114726971958,-0.001344456701599439,0.007584114726971958,0.007584114726971958,0.007584114726971958,0.007584114726971958,-0.007118385991625398,-0.009633476534885,-0.013028130170987251,-0.007118385991625398,-0.01588527302813003,-0.009633476534885,-0.009633476534885,-0.012450377943335589,-0.013028130170987251,-0.012986930592564283,-0.009633476534885,-0.009935287400076098,0.07070061132561134,0.2023512523512524,0.015871065871065904,0.19537389113707349,0.009242277992278058,0.07070061132561134,0.07070061132561134,0.20976448664981073
JumpTable,Radare,-0.0036369447328351567,-0.008707216926394978,-0.009911492103272912,-0.004866917195684328,-0.004866917195684328,-0.0001267562911397846,-0.03030723030723037,-0.060588060588060544,-0.015956874780404084,0.028496188496188513,0.028496188496188513,0.01629986629986635,-0.010486259801328224,-0.009128713238302222,-0.009489995791365669,-0.0359205359205359,-0.006551556551556481,-0.006756756756756799,-0.006551556551556481,-0.019910496029898916,-0.018885318885318858,0.03117781242781248,-0.0067502697639683085,-0.0067502697639683085,-0.0067502697639683085,-0.029885733995323016,-0.04673134673134671,-0.04673134673134671,-0.6113656643068408,-0.062175362175362126,-0.062175362175362126,-0.062175362175362126,-0.062175362175362126,-0.062175362175362126,-0.062175362175362126,-0.062175362175362126,-0.062175362175362126,-0.062175362175362126,-0.062175362175362126,-0.062175362175362126,-0.062175362175362126,-0.02348488598488596,-0.02348488598488596,-0.02348488598488596,-0.02348488598488596,-0.02348488598488596,-0.02348488598488596,-0.02348488598488596,-0.02348488598488596,-0.02348488598488596,-0.02348488598488596,-0.02348488598488596,-0.02348488598488596,-0.011444715670067773,-0.01648756014953201,-0.01991650991650995,-0.01648756014953201,-0.014801624801624835,-0.017078518486969174,-0.01648756014953201,-0.01648756014953201,-0.01991650991650995,-0.01648756014953201,-0.01648756014953201,-0.01648756014953201,0.004788923538923573,0.15943635943635948,0.011417711417711418,0.1843826088391306,0.004788923538923573,0.004788923538923573,0.004788923538923573,0.19581604710764933
