Dataset,Obfuscation,Angr Prec.,Angr Rec.,Bap Prec.,Bap Rec.,Dyninst Prec.,Dyninst Rec.,Ghidra Prec.,Ghidra Rec.,Ida Prec.,Ida Rec.,Ninja Prec.,Ninja Rec.,Objdump Prec.,Objdump Rec.,Radare Prec.,Radare Rec.
Instruction,unobfuscated,99.85,99.95,99.97,95.57,99.78,69.67,99.86,99.96,99.86,99.94,99.86,99.86,99.78,100.00,99.84,71.24
Instruction,add_opaque_bug_array,99.91,99.96,100,96.83,99.91,70.01,99.91,99.97,99.91,99.97,99.91,99.87,99.85,100.00,99.88,67.24
Instruction,add_opaque_bug_env,99.90,99.96,100.00,96.54,99.89,66.96,99.90,99.96,99.90,99.96,99.90,99.86,99.83,100.00,99.89,62.90
Instruction,add_opaque_bug_list,99.90,99.96,100,96.60,99.90,64.49,99.90,99.96,99.90,99.96,99.90,99.86,99.82,100.00,99.84,67.67
Instruction,add_opaque_call_array,99.92,99.96,100,96.67,99.91,79.37,99.92,99.97,99.92,99.96,99.92,99.89,99.86,100.00,99.91,84.65
Instruction,add_opaque_call_env,99.90,99.95,100,96.40,99.90,75.47,99.90,99.97,99.90,99.96,99.90,99.89,99.83,100.00,99.90,82.98
Instruction,add_opaque_call_list,99.86,99.96,99.95,96.50,99.73,80.25,99.86,99.97,99.86,99.96,99.86,99.89,99.80,100.00,99.86,80.16
Instruction,add_opaque_junk_array,99.72,99.05,99.76,95.82,99.42,70.61,99.63,97.28,99.70,58.26,99.58,99.13,99.30,99.09,99.53,59.15
Instruction,add_opaque_junk_env,99.65,99.01,99.65,95.01,99.28,66.77,99.53,96.73,99.71,58.28,99.50,98.78,99.19,99.05,99.52,63.03
Instruction,add_opaque_junk_list,99.69,99.06,99.69,94.77,99.37,63.40,99.60,97.36,99.72,61.12,99.56,99.13,99.41,99.23,99.56,69.63
Instruction,add_opaque_question_array,99.95,99.96,100,98.29,99.94,57.75,99.95,99.98,99.95,99.94,99.95,99.73,99.93,100.00,99.95,86.66
Instruction,add_opaque_question_env,99.95,99.96,100,98.22,99.94,57.40,99.95,99.98,99.95,99.94,99.95,99.72,99.92,100.00,99.95,87.49
Instruction,add_opaque_question_list,99.95,99.96,100,98.28,100,47.79,99.95,99.98,99.95,99.94,99.95,99.76,99.93,100.00,99.95,87.04
Instruction,add_opaque_true_array,99.81,99.96,99.90,96.61,99.81,67.19,99.81,99.97,99.81,99.96,99.81,99.86,99.75,100.00,99.66,66.14
Instruction,add_opaque_true_env,99.90,99.96,100,96.35,99.89,69.91,99.90,99.97,99.90,99.95,99.90,99.92,99.83,100.00,99.85,66.62
Instruction,add_opaque_true_list,99.88,99.95,100.00,96.46,100.00,70.53,99.88,99.97,99.88,99.96,99.88,99.85,99.80,100.00,99.81,68.56
Instruction,anti_alias_analysis_001,99.91,99.96,100.00,96.45,99.83,64.07,99.91,99.97,99.91,99.96,99.91,99.97,99.85,100.00,99.76,32.47
Instruction,anti_taint_analysis,99.89,99.95,100.00,96.27,99.82,69.98,99.89,99.96,99.89,99.95,99.89,99.88,99.82,99.99,99.83,60.62
Instruction,anti_taint_analysis_argv,99.90,99.96,100,96.56,99.90,67.16,99.90,99.97,99.90,99.96,99.90,99.83,99.84,100.00,99.84,60.34
Instruction,anti_taint_analysis_sysCalls,99.89,99.95,100.00,96.27,99.82,69.98,99.89,99.96,99.89,99.95,99.89,99.81,99.82,99.99,99.83,60.62
Instruction,encode_branches_branchFuns_array,97.65,98.74,99.54,70.86,99.53,46.15,99.58,74.12,99.80,55.88,98.34,93.17,97.62,99.61,99.40,57.13
Instruction,encode_branches_branchFuns_env,96.10,99.11,99.66,72.85,99.51,53.47,99.59,77.99,99.68,60.98,97.67,91.24,95.93,99.65,99.47,57.55
Instruction,encode_branches_branchFuns_list,97.84,99.22,99.67,73.10,99.56,48.50,99.60,77.73,99.83,58.42,98.83,94.47,97.68,99.62,99.56,58.69
Instruction,encode_branches_goto2nopSled_array,99.92,99.94,100,56.06,99.88,46.18,99.88,60.25,99.90,80.12,99.87,58.17,99.87,100.00,99.84,43.85
Instruction,encode_branches_goto2nopSled_env,99.90,99.94,100,62.60,99.89,47.11,99.87,67.52,99.88,86.13,99.87,65.17,99.85,100.00,99.84,49.97
Instruction,encode_branches_goto2nopSled_list,99.91,99.84,100.00,64.04,99.80,45.15,99.80,90.46,99.88,80.42,99.75,94.47,99.85,100.00,99.84,51.86
Instruction,flatten_call,99.95,100.00,100,98.99,99.84,42.10,99.95,99.58,99.95,100.00,99.95,99.75,99.94,100,99.89,37.24
Instruction,flatten_goto,99.90,99.68,100,29.64,99.77,31.71,99.90,98.29,99.85,48.64,99.79,32.63,99.88,100,99.79,25.48
Instruction,flatten_indirect,99.92,99.98,100,23.09,99.78,23.50,99.88,79.13,99.89,62.81,99.78,24.88,99.91,100,99.79,19.61
Instruction,flatten_switch,99.91,99.99,100,32.16,99.82,69.12,99.91,99.78,99.91,99.99,99.87,63.71,99.89,100,99.77,30.07
Instruction,self_modify_arithmetic_array,82.91,91.55,93.76,28.91,94.16,26.84,95.39,99.10,93.77,29.71,93.76,88.64,81.68,94.94,94.06,19.19
Instruction,self_modify_arithmetic_clobber_array,83.46,91.67,93.76,28.91,94.13,26.75,95.39,99.14,93.77,29.71,94.00,91.01,82.39,95.25,93.91,19.94
Instruction,self_modify_arithmetic_clobber_env,82.64,91.46,92.66,26.88,93.05,24.30,95.26,99.08,92.71,27.71,93.61,88.56,81.40,94.86,93.18,18.61
Instruction,self_modify_arithmetic_clobber_list,83.13,91.88,92.92,27.83,93.61,25.17,95.32,99.26,92.96,28.60,93.70,88.68,81.92,95.12,93.02,18.85
Instruction,self_modify_arithmetic_env,83.06,91.48,92.66,26.88,93.58,27.06,95.26,99.17,92.72,27.72,93.60,87.35,81.70,95.07,92.79,17.30
Instruction,self_modify_arithmetic_list,83.21,91.52,92.89,27.83,93.84,25.54,95.32,99.25,92.93,28.61,93.75,89.58,82.04,95.22,92.83,19.45
Instruction,self_modify_arithmetic_stack_array,82.33,91.84,91.02,28.95,91.79,25.35,94.27,98.15,91.08,29.71,92.50,85.95,81.09,95.26,91.13,20.78
Instruction,self_modify_arithmetic_stack_env,81.86,91.71,89.66,26.98,90.98,22.90,94.14,98.63,89.73,27.72,92.35,87.13,80.75,95.19,90.06,18.04
Instruction,self_modify_arithmetic_stack_list,82.05,91.86,90.02,27.90,90.72,25.15,94.18,98.17,90.08,28.62,92.44,87.97,81.00,95.30,90.23,19.32
Instruction,self_modify_arithmetic_text_array,82.66,91.64,91.01,28.90,92.10,27.22,94.30,98.60,91.09,29.71,92.36,87.51,80.75,95.05,91.26,20.09
Instruction,self_modify_arithmetic_text_env,82.07,91.27,89.59,26.85,90.83,24.56,94.10,98.03,89.72,27.69,92.06,88.19,80.20,94.88,90.05,17.64
Instruction,self_modify_arithmetic_text_list,81.96,91.19,89.97,27.82,91.66,25.70,94.21,98.53,90.07,28.60,92.01,86.06,79.88,94.65,90.03,18.41
Instruction,self_modify_comparisons_array,91.93,97.33,90.57,36.34,92.06,41.15,95.69,93.77,90.61,37.32,95.38,96.68,91.50,98.21,90.47,24.40
Instruction,self_modify_comparisons_clobber_array,91.91,97.23,90.57,36.35,92.03,40.67,95.68,93.59,90.62,37.34,95.25,96.17,91.53,98.33,90.82,25.55
Instruction,self_modify_comparisons_clobber_env,91.36,97.19,88.66,32.47,90.75,39.15,95.40,93.47,88.78,33.60,94.96,95.85,90.79,98.04,88.16,21.55
Instruction,self_modify_comparisons_clobber_list,91.39,97.14,89.27,34.08,91.48,37.76,95.50,93.37,89.35,35.09,95.08,96.44,90.84,98.02,89.24,22.79
Instruction,self_modify_comparisons_env,91.25,97.03,88.66,32.54,90.89,37.06,95.39,93.16,88.77,33.59,95.04,96.87,90.76,98.07,88.22,23.12
Instruction,self_modify_comparisons_list,91.91,97.65,89.27,34.08,91.03,38.53,95.49,92.85,89.35,35.10,95.20,96.44,91.48,98.61,89.19,23.87
Instruction,self_modify_comparisons_stack_array,89.84,97.25,85.85,36.41,87.83,39.85,93.69,94.00,85.99,37.36,93.34,96.45,89.66,98.41,86.37,23.91
Instruction,self_modify_comparisons_stack_env,89.78,97.81,83.16,32.58,86.06,39.47,93.21,92.89,83.39,33.61,93.01,96.31,89.44,98.68,84.06,21.84
Instruction,self_modify_comparisons_stack_list,90.18,97.88,84.03,34.08,86.00,39.11,93.40,93.22,84.22,35.07,93.21,96.93,89.83,98.71,84.30,23.60
Instruction,self_modify_comparisons_text_array,89.54,96.58,85.76,36.20,88.04,39.66,93.67,93.74,85.96,37.33,93.03,94.66,88.74,98.02,85.28,22.14
Instruction,self_modify_comparisons_text_env,89.25,96.82,83.12,32.40,85.53,37.17,93.26,93.52,83.42,33.59,92.64,94.87,88.25,98.01,82.49,20.22
Instruction,self_modify_comparisons_text_list,89.31,96.68,83.98,33.98,86.10,39.36,93.41,93.26,84.21,35.06,92.78,94.93,88.28,97.86,84.13,22.01
Instruction,self_modify_indirectBranch_array,99.93,99.97,100,97.08,99.92,70.88,99.93,99.98,99.93,99.97,99.93,99.91,99.88,100.00,99.87,62.34
Instruction,self_modify_indirectBranch_clobber_array,99.93,99.97,100.00,97.08,100,64.52,99.93,99.98,99.93,99.96,99.93,99.81,99.88,100.00,99.87,56.93
Instruction,self_modify_indirectBranch_clobber_env,99.92,99.97,99.99,96.99,100,64.44,99.92,99.97,99.92,99.97,99.92,99.81,99.87,100.00,99.90,57.50
Instruction,self_modify_indirectBranch_clobber_list,99.93,99.97,100,97.13,99.92,59.15,99.93,99.98,99.93,99.97,99.93,99.91,99.88,100.00,99.88,55.44
Instruction,self_modify_indirectBranch_env,99.93,99.97,100,96.99,99.87,67.42,99.93,99.98,99.93,99.97,99.93,99.77,99.88,100.00,99.87,60.60
Instruction,self_modify_indirectBranch_list,99.93,99.97,100,97.13,99.92,73.83,99.93,99.98,99.93,99.97,99.93,99.81,99.88,100.00,99.88,61.61
Instruction,self_modify_indirectBranch_stack_array,99.93,99.97,100.00,97.08,100,64.52,99.93,99.98,99.93,99.96,99.93,99.84,99.88,100.00,99.87,56.93
Instruction,self_modify_indirectBranch_stack_env,99.92,99.97,99.99,97.03,100,63.54,99.92,99.97,99.92,99.97,99.92,99.78,99.87,100.00,99.90,56.72
Instruction,self_modify_indirectBranch_stack_list,99.93,99.97,100,97.09,99.92,59.98,99.93,99.98,99.93,99.97,99.93,99.81,99.88,100.00,99.88,55.46
Instruction,self_modify_indirectBranch_text_array,99.93,99.97,100.00,97.08,100,64.52,99.93,99.98,99.93,99.96,99.93,99.79,99.88,100.00,99.87,56.93
Instruction,self_modify_indirectBranch_text_env,99.92,99.97,99.99,97.03,100,63.54,99.92,99.97,99.92,99.97,99.92,99.81,99.87,100.00,99.90,56.71
Instruction,self_modify_indirectBranch_text_list,99.93,99.97,100,97.13,99.92,59.15,99.93,99.98,99.93,99.97,99.93,99.88,99.88,100.00,99.88,55.45
Instruction,virtualize_binary,100,100.00,100,73.63,100,71.70,100,81.73,100,75.63,100,71.28,100.00,100,100,20.51
Instruction,virtualize_call,100,100.00,100,88.66,100,52.38,100,100,100,100,100,100,100,100,100,27.58
Instruction,virtualize_direct,100,100.00,100,17.73,100,18.36,100,93.53,100,22.04,100,18.39,100.00,100,100,14.55
Instruction,virtualize_ifnest,100,100.00,100,92.41,100,80.26,100,100.00,100,100.00,100,96.84,100.00,100,100,37.32
Instruction,virtualize_indirect,100,100.00,100,68.33,100,68.56,100,99.99,100,99.83,100,65.67,100.00,100,100,11.49
Instruction,virtualize_interpolation,100,100.00,100,74.06,100.00,72.12,100,82.03,100,76.02,100,71.70,100.00,100,100,20.90
Instruction,virtualize_linear,100,100.00,100,73.17,100,73.43,100,81.41,100,74.57,100,70.82,100.00,100,100,19.10
Instruction,virtualize_switch,100,100.00,100,80.49,100,80.22,100,98.59,100,100.00,100,96.84,100.00,100,100,41.52
Function,unobfuscated,63.11,95.66,89.52,85.95,98.45,69.97,98.88,100,99.25,95.66,98.49,99.96,--,--,99.18,90.55
Function,add_opaque_bug_array,64.47,96.14,90.57,87.45,99.04,70.46,99.01,100,99.33,96.14,98.44,99.84,--,--,94.86,84.82
Function,add_opaque_bug_env,64.32,96.14,90.57,87.45,99.34,69.20,98.93,100,99.33,96.14,98.53,100,--,--,94.83,84.61
Function,add_opaque_bug_list,64.42,96.14,90.57,87.45,98.83,67.37,98.90,100,99.33,96.14,98.37,99.95,--,--,99.21,88.52
Function,add_opaque_call_array,64.63,96.14,90.57,87.45,98.13,80.40,98.88,100,99.33,96.14,98.51,100,--,--,95.01,89.97
Function,add_opaque_call_env,64.54,96.14,90.57,87.45,99.78,77.82,98.93,100,99.33,96.14,98.49,99.95,--,--,95.18,91.32
Function,add_opaque_call_list,64.71,96.14,90.54,87.45,99.20,81.57,98.96,100,99.30,96.14,98.58,100,--,--,99.22,91.89
Function,add_opaque_junk_array,60.32,95.25,86.89,85.66,96.98,71.88,96.92,100,97.63,83.78,96.10,99.34,--,--,92.56,82.73
Function,add_opaque_junk_env,60.46,95.84,86.43,86.80,95.80,68.60,95.98,100,96.51,81.80,95.15,99.49,--,--,92.08,83.57
Function,add_opaque_junk_list,58.35,95.68,86.52,85.91,97.25,68.10,97.26,100,96.29,83.89,94.97,99.81,--,--,96.42,89.19
Function,add_opaque_question_array,73.29,97.64,94.55,92.56,99.84,65.68,99.43,100,99.64,97.71,96.33,100,--,--,97.17,93.90
Function,add_opaque_question_env,73.34,97.65,94.54,92.56,99.92,67.45,99.48,99.99,99.63,97.70,96.37,99.95,--,--,97.22,93.66
Function,add_opaque_question_list,73.67,97.72,94.60,92.65,99.91,57.90,99.48,99.98,99.64,97.72,96.42,99.96,--,--,99.62,93.57
Function,add_opaque_true_array,64.88,96.14,90.51,87.45,97.46,70.55,98.90,100,99.21,96.14,98.42,99.98,--,--,94.69,84.76
Function,add_opaque_true_env,64.93,96.14,90.61,87.45,97.94,72.04,99.05,100,99.37,96.14,98.60,99.90,--,--,94.97,85.51
Function,add_opaque_true_list,65.00,96.14,90.52,87.45,98.26,73.09,98.92,100,99.27,96.14,98.48,99.97,--,--,99.17,88.78
Function,anti_alias_analysis_001,65.19,96.08,90.57,87.28,97.08,66.39,98.99,100,99.33,96.08,98.36,99.76,--,--,99.07,71.82
Function,anti_taint_analysis,65.08,96.08,90.58,87.31,97.71,71.07,98.91,100,99.33,96.08,98.44,99.80,--,--,94.58,84.36
Function,anti_taint_analysis_argv,65.14,96.08,90.58,87.31,97.84,71.57,99.02,100,99.33,96.08,98.58,99.97,--,--,94.75,84.30
Function,anti_taint_analysis_sysCalls,65.08,96.08,90.58,87.31,97.71,71.07,98.91,100,99.33,96.08,98.44,99.80,--,--,94.58,84.36
Function,encode_branches_branchFuns_array,56.52,95.99,89.34,81.43,93.96,55.18,99.08,100,99.17,81.95,92.34,99.85,--,--,94.73,85.71
Function,encode_branches_branchFuns_env,55.82,95.87,89.22,81.14,90.98,60.05,98.97,100,98.65,85.02,93.04,99.85,--,--,94.60,85.33
Function,encode_branches_branchFuns_list,55.32,95.61,88.87,81.01,95.24,56.35,98.97,100,98.85,83.08,92.20,99.72,--,--,99.13,88.43
Function,encode_branches_goto2nopSled_array,57.38,96.19,90.96,87.78,90.98,59.67,99.04,100,88.03,96.23,97.91,99.26,--,--,94.77,82.33
Function,encode_branches_goto2nopSled_env,57.97,96.23,90.96,87.78,93.84,55.30,98.99,100,86.05,96.23,97.84,99.23,--,--,94.77,82.64
Function,encode_branches_goto2nopSled_list,52.61,96.23,90.96,87.78,95.79,56.96,99.03,100,88.06,96.23,97.97,99.90,--,--,99.25,86.28
Function,flatten_call,90.38,97.64,98.02,97.14,99.77,40.48,99.95,100,99.98,99.08,99.24,96.01,--,--,97.78,35.99
Function,flatten_goto,19.60,95.86,90.40,86.74,60.89,60.72,99.56,100,84.46,95.40,96.07,95.04,--,--,95.30,87.32
Function,flatten_indirect,15.07,95.86,90.40,86.74,59.95,60.10,99.56,100,38.08,94.60,93.62,94.97,--,--,95.27,86.93
Function,flatten_switch,62.79,95.92,90.40,86.74,97.27,71.17,99.56,100,99.83,95.92,44.93,89.75,--,--,95.31,87.29
Function,self_modify_arithmetic_array,14.82,95.21,88.99,72.85,81.08,61.22,99.13,100,97.92,92.66,28.05,99.37,--,--,95.34,83.58
Function,self_modify_arithmetic_clobber_array,15.08,94.72,89.00,73.07,75.96,63.78,99.13,100,98.34,93.31,27.55,99.56,--,--,95.96,83.54
Function,self_modify_arithmetic_clobber_env,14.55,94.31,88.96,72.82,79.24,61.87,99.13,100,98.22,93.07,28.27,99.59,--,--,96.32,83.36
Function,self_modify_arithmetic_clobber_list,14.91,96.02,89.47,75.97,83.85,60.95,99.13,100,99.25,96.02,28.31,99.88,--,--,99.14,86.54
Function,self_modify_arithmetic_env,14.74,95.07,88.98,72.89,77.95,62.66,99.07,100,98.50,93.88,28.56,99.49,--,--,95.46,83.20
Function,self_modify_arithmetic_list,15.02,95.95,89.46,76.18,80.80,62.49,99.09,100,99.26,96.02,28.08,99.83,--,--,99.01,86.89
Function,self_modify_arithmetic_stack_array,15.34,96.00,89.74,78.48,78.70,61.87,99.06,100,97.99,93.12,28.97,99.87,--,--,94.58,84.21
Function,self_modify_arithmetic_stack_env,15.64,96.00,89.74,78.53,84.99,56.06,99.10,100,98.46,93.93,28.87,99.87,--,--,94.55,83.37
Function,self_modify_arithmetic_stack_list,15.54,96.00,89.79,78.69,83.96,59.44,99.13,100,99.24,96.02,28.36,99.81,--,--,99.28,87.11
Function,self_modify_arithmetic_text_array,13.93,92.73,88.71,71.13,76.50,60.15,99.03,100,98.08,92.92,28.11,96.47,--,--,98.19,83.38
Function,self_modify_arithmetic_text_env,14.13,92.71,88.78,71.13,76.18,58.97,99.05,100,97.82,93.08,27.73,96.63,--,--,98.25,83.31
Function,self_modify_arithmetic_text_list,14.60,96.02,89.33,74.61,83.80,59.89,99.13,100,99.22,95.99,29.27,99.67,--,--,99.11,84.94
Function,self_modify_comparisons_array,29.17,95.57,88.97,77.32,72.11,66.64,99.16,100,97.78,91.67,52.86,99.90,--,--,94.36,82.81
Function,self_modify_comparisons_clobber_array,28.31,94.40,88.99,76.80,73.25,66.97,99.16,100,98.14,92.66,52.61,99.51,--,--,95.48,82.78
Function,self_modify_comparisons_clobber_env,28.74,92.89,88.39,74.27,71.26,66.89,99.16,100,98.12,92.93,52.82,99.73,--,--,97.38,82.40
Function,self_modify_comparisons_clobber_list,27.67,95.72,89.04,77.76,79.56,68.57,99.06,100,99.21,95.72,52.84,99.85,--,--,99.08,85.95
Function,self_modify_comparisons_env,28.71,95.05,88.94,76.85,75.77,65.84,99.06,100,98.50,94.11,52.42,99.68,--,--,94.71,82.82
Function,self_modify_comparisons_list,28.74,95.72,89.08,78.10,73.66,69.68,99.16,100,99.21,95.72,53.60,99.90,--,--,99.10,85.91
Function,self_modify_comparisons_stack_array,28.81,95.62,89.13,78.62,70.18,65.60,99.16,100,98.48,93.76,52.71,99.85,--,--,94.18,82.30
Function,self_modify_comparisons_stack_env,29.21,95.70,89.10,78.62,72.13,69.66,99.10,100,97.88,91.66,53.07,99.91,--,--,94.11,82.55
Function,self_modify_comparisons_stack_list,31.23,95.62,89.38,80.32,73.55,69.53,99.16,100,99.21,95.72,53.12,99.87,--,--,99.15,86.84
Function,self_modify_comparisons_text_array,26.66,95.22,87.58,67.73,72.13,65.20,99.16,100,98.08,92.75,53.51,99.27,--,--,94.53,81.67
Function,self_modify_comparisons_text_env,27.72,95.11,87.58,67.73,72.89,66.20,99.16,100,97.97,92.77,53.60,99.35,--,--,94.74,81.74
Function,self_modify_comparisons_text_list,27.47,95.50,88.29,71.75,73.61,69.74,99.16,100,99.21,95.72,53.78,99.79,--,--,99.31,85.37
Function,self_modify_indirectBranch_array,65.00,96.02,90.70,87.18,97.81,74.84,99.14,100,99.35,96.04,98.19,99.96,--,--,94.75,84.08
Function,self_modify_indirectBranch_clobber_array,64.96,96.02,90.70,87.18,98.48,71.50,99.06,100,99.35,96.04,98.09,99.93,--,--,94.63,83.78
Function,self_modify_indirectBranch_clobber_env,64.81,96.00,90.62,87.14,97.00,68.02,99.06,100,99.32,96.02,98.38,99.90,--,--,94.56,83.21
Function,self_modify_indirectBranch_clobber_list,65.00,96.02,90.70,87.18,98.90,65.85,99.06,100,99.35,96.04,98.10,99.98,--,--,99.21,87.67
Function,self_modify_indirectBranch_env,64.84,96.00,90.64,87.14,99.81,71.29,99.13,100,99.34,96.02,98.44,99.90,--,--,94.62,83.61
Function,self_modify_indirectBranch_list,64.98,95.94,90.70,87.18,95.96,77.23,99.06,100,99.35,96.04,98.10,99.95,--,--,99.19,87.60
Function,self_modify_indirectBranch_stack_array,64.96,96.02,90.70,87.18,98.48,71.50,99.06,100,99.35,96.04,98.09,99.93,--,--,94.63,83.78
Function,self_modify_indirectBranch_stack_env,64.97,96.02,90.68,87.18,97.04,67.46,99.07,100,99.33,96.04,98.11,99.90,--,--,94.60,83.31
Function,self_modify_indirectBranch_stack_list,64.84,96.00,90.64,87.14,98.88,66.38,99.05,100,99.34,96.02,98.35,99.98,--,--,99.20,87.56
Function,self_modify_indirectBranch_text_array,64.96,96.02,90.70,87.18,98.48,71.50,99.06,100,99.35,96.04,98.09,99.93,--,--,94.63,83.78
Function,self_modify_indirectBranch_text_env,64.97,96.02,90.68,87.18,97.04,67.46,99.07,100,99.33,96.04,98.11,99.90,--,--,94.60,83.31
Function,self_modify_indirectBranch_text_list,65.00,96.02,90.70,87.18,98.90,65.85,99.06,100,99.35,96.04,98.10,99.98,--,--,99.21,87.67
Function,virtualize_binary,13.14,94.78,88.01,83.76,54.64,56.84,99.88,100,86.24,94.13,87.10,94.69,--,--,94.22,83.56
Function,virtualize_call,90.34,98.94,97.59,96.63,97.48,56.21,99.99,100,100,98.94,98.82,99.97,--,--,96.94,33.63
Function,virtualize_direct,14.91,94.86,88.22,83.96,54.07,58.77,99.88,100,95.07,95.01,96.72,94.35,--,--,94.40,84.64
Function,virtualize_ifnest,63.28,94.93,88.01,83.76,97.77,83.33,99.88,100,100,94.93,97.29,100,--,--,94.22,83.24
Function,virtualize_indirect,15.23,94.88,88.01,83.76,54.03,57.53,99.88,100,18.08,94.77,95.71,94.17,--,--,94.19,83.28
Function,virtualize_interpolation,13.14,94.78,88.01,83.76,54.45,56.84,99.88,100,86.27,94.24,87.10,94.69,--,--,94.18,83.02
Function,virtualize_linear,15.47,94.88,88.01,83.76,54.53,57.56,99.88,100,85.47,93.36,87.65,94.80,--,--,94.20,83.12
Function,virtualize_switch,61.03,94.93,88.01,83.76,97.67,83.33,99.88,100,100,94.93,97.49,100,--,--,94.22,83.66
Jump Table,unobfuscated,23.82,39.86,--,--,39.30,52.70,76.13,76.58,77.21,81.08,76.58,79.05,--,--,76.70,79.73
Jump Table,add_opaque_bug_array,19.53,34.93,--,--,38.67,49.32,75.80,76.26,76.89,80.82,76.71,80.14,--,--,76.31,79.45
Jump Table,add_opaque_bug_env,18.30,33.56,--,--,35.29,47.95,75.80,76.26,76.89,80.82,76.26,78.77,--,--,76.10,78.08
Jump Table,add_opaque_bug_list,20.97,36.30,--,--,40.17,50.68,75.80,76.26,76.89,80.82,76.26,78.77,--,--,75.92,78.08
Jump Table,add_opaque_call_array,21.85,38.70,--,--,29.11,45.21,75.80,76.26,76.89,80.82,76.37,79.11,--,--,76.20,79.45
Jump Table,add_opaque_call_env,20.06,37.33,--,--,32.91,46.58,75.80,76.26,76.89,80.82,76.26,78.77,--,--,76.20,79.45
Jump Table,add_opaque_call_list,21.28,38.70,--,--,35.70,50.68,75.80,76.26,76.89,80.82,76.83,80.48,--,--,76.38,80.82
Jump Table,add_opaque_junk_array,24.43,30.77,--,--,37.47,40.38,80.32,79.79,74.04,75.00,74.52,75.00,--,--,74.36,75.00
Jump Table,add_opaque_junk_env,23.85,34.82,--,--,48.86,57.14,74.41,75.82,70.77,73.21,71.28,74.55,--,--,70.92,73.21
Jump Table,add_opaque_junk_list,24.05,36.36,--,--,46.16,56.36,77.04,76.53,74.24,76.36,74.70,76.36,--,--,75.26,78.18
Jump Table,add_opaque_question_array,13.13,27.69,--,--,38.78,49.23,78.92,78.46,80.01,81.54,79.44,80.22,--,--,80.01,81.54
Jump Table,add_opaque_question_env,13.06,27.69,--,--,29.33,40.00,78.92,78.46,80.01,81.54,79.44,80.22,--,--,80.01,81.54
Jump Table,add_opaque_question_list,12.93,27.27,--,--,42.76,51.52,77.73,77.27,78.80,80.30,78.61,79.44,--,--,78.80,80.30
Jump Table,add_opaque_true_array,21.36,37.67,--,--,44.20,53.42,75.80,76.26,76.89,80.82,76.26,78.77,--,--,75.85,78.08
Jump Table,add_opaque_true_env,22.76,39.04,--,--,36.02,47.95,75.80,76.26,76.89,80.82,76.37,79.11,--,--,76.04,78.08
Jump Table,add_opaque_true_list,22.63,39.04,--,--,36.24,49.32,75.80,76.26,76.89,80.82,76.26,78.77,--,--,75.98,78.08
Jump Table,anti_alias_analysis_001,28.10,42.57,--,--,48.67,55.41,57.21,60.36,77.21,81.08,77.21,81.08,--,--,73.87,74.32
Jump Table,anti_taint_analysis,23.82,39.86,--,--,39.58,47.30,76.13,76.58,77.21,81.08,76.69,79.39,--,--,76.29,78.38
Jump Table,anti_taint_analysis_argv,23.82,39.86,--,--,40.82,50.00,76.13,76.58,77.21,81.08,76.58,78.60,--,--,76.25,78.38
Jump Table,anti_taint_analysis_sysCalls,23.82,39.86,--,--,39.58,47.30,76.13,76.58,77.21,81.08,76.58,78.60,--,--,76.29,78.38
Jump Table,encode_branches_branchFuns_array,3.98,18.66,--,--,49.64,55.22,75.13,74.48,75.32,76.12,75.87,77.24,--,--,75.32,76.12
Jump Table,encode_branches_branchFuns_env,3.29,16.67,--,--,27.72,34.85,76.26,75.76,75.76,75.76,76.64,78.41,--,--,75.76,75.76
Jump Table,encode_branches_branchFuns_list,3.88,16.41,--,--,32.72,34.38,79.50,78.84,80.42,81.25,80.81,82.81,--,--,80.42,81.25
Jump Table,encode_branches_goto2nopSled_array,23.75,39.04,--,--,43.43,52.05,75.46,74.89,76.44,78.08,76.44,78.08,--,--,76.44,78.08
Jump Table,encode_branches_goto2nopSled_env,23.75,39.04,--,--,49.46,57.53,75.46,74.89,76.44,78.08,76.37,77.40,--,--,76.44,78.08
Jump Table,encode_branches_goto2nopSled_list,23.73,39.04,--,--,52.57,60.27,51.12,57.08,76.55,78.08,6.83,17.47,--,--,76.44,78.08
Jump Table,flatten_call,18.46,34.25,--,--,69.18,71.23,78.49,80.82,77.92,80.82,77.92,80.82,--,--,74.43,75.34
Jump Table,flatten_goto,29.43,43.02,--,--,17.57,17.57,74.57,74.32,74.32,75.68,72.97,72.97,--,--,72.97,72.97
Jump Table,flatten_indirect,29.61,44.59,--,--,12.16,12.16,76.98,78.27,76.64,81.08,72.97,72.97,--,--,72.97,72.97
Jump Table,flatten_switch,67.45,100,--,--,75.63,100,95.73,100,94.82,99.76,95.15,100,--,--,21.40,15.55
Jump Table,self_modify_arithmetic_array,29.56,42.86,--,--,57.86,58.57,8.66,18.81,71.43,71.43,75.90,80.00,--,--,71.43,71.43
Jump Table,self_modify_arithmetic_clobber_array,29.30,42.86,--,--,35.71,35.71,8.65,18.81,71.43,71.43,75.43,78.57,--,--,71.43,71.43
Jump Table,self_modify_arithmetic_clobber_env,29.23,44.29,--,--,52.14,52.86,8.68,19.05,71.43,71.43,75.85,80.00,--,--,71.43,71.43
Jump Table,self_modify_arithmetic_clobber_list,28.01,41.43,--,--,60.00,60.00,8.65,18.81,71.43,71.43,75.43,78.57,--,--,71.43,71.43
Jump Table,self_modify_arithmetic_env,29.36,42.86,--,--,50.71,51.43,8.65,18.81,71.43,71.43,75.85,80.00,--,--,71.43,71.43
Jump Table,self_modify_arithmetic_list,29.52,42.86,--,--,50.00,50.00,8.68,19.05,71.43,71.43,75.90,80.00,--,--,71.43,71.43
Jump Table,self_modify_arithmetic_stack_array,29.63,44.29,--,--,44.29,44.29,8.66,18.81,71.43,71.43,75.90,80.00,--,--,71.43,71.43
Jump Table,self_modify_arithmetic_stack_env,29.45,42.86,--,--,61.43,61.43,8.65,18.81,71.43,71.43,75.90,80.00,--,--,71.43,71.43
Jump Table,self_modify_arithmetic_stack_list,29.48,44.29,--,--,65.71,65.71,8.65,18.81,71.43,71.43,75.90,80.00,--,--,71.43,71.43
Jump Table,self_modify_arithmetic_text_array,29.36,44.29,--,--,60.29,61.43,8.68,19.05,71.43,71.43,75.83,80.00,--,--,71.43,71.43
Jump Table,self_modify_arithmetic_text_env,29.15,43.57,--,--,56.00,57.14,8.66,18.81,71.43,71.43,75.83,80.00,--,--,71.43,71.43
Jump Table,self_modify_arithmetic_text_list,28.56,43.81,--,--,62.86,62.86,8.66,18.81,71.43,71.43,75.83,80.00,--,--,71.43,71.43
Jump Table,self_modify_comparisons_array,29.79,42.86,--,--,52.68,53.57,2.91,15.18,74.70,76.79,76.34,78.57,--,--,74.70,76.79
Jump Table,self_modify_comparisons_clobber_array,31.60,44.64,--,--,55.36,55.36,2.90,15.18,74.70,76.79,76.93,80.36,--,--,74.70,76.79
Jump Table,self_modify_comparisons_clobber_env,29.73,42.86,--,--,47.92,50.00,2.91,15.18,74.70,76.79,76.93,80.36,--,--,74.70,76.79
Jump Table,self_modify_comparisons_clobber_list,31.63,44.64,--,--,56.55,58.93,2.91,15.18,74.70,76.79,76.93,80.36,--,--,74.70,76.79
Jump Table,self_modify_comparisons_env,31.60,44.64,--,--,60.71,62.50,2.91,15.18,74.70,76.79,76.93,80.36,--,--,74.70,76.79
Jump Table,self_modify_comparisons_list,29.79,42.86,--,--,54.76,57.14,2.91,15.18,74.70,76.79,76.34,78.57,--,--,74.70,76.79
Jump Table,self_modify_comparisons_stack_array,29.61,42.50,--,--,54.17,57.14,2.91,15.18,74.70,76.79,76.93,80.36,--,--,74.70,76.79
Jump Table,self_modify_comparisons_stack_env,29.77,42.86,--,--,53.18,57.14,2.91,15.18,74.70,76.79,76.34,78.57,--,--,74.70,76.79
Jump Table,self_modify_comparisons_stack_list,31.62,44.64,--,--,52.23,55.36,2.91,15.18,74.70,76.79,76.93,80.36,--,--,74.70,76.79
Jump Table,self_modify_comparisons_text_array,31.53,44.64,--,--,53.27,55.36,2.90,15.18,74.70,76.79,76.93,80.36,--,--,74.70,76.79
Jump Table,self_modify_comparisons_text_env,31.81,43.64,--,--,52.14,53.57,2.91,15.18,74.70,76.79,76.93,80.36,--,--,74.70,76.79
Jump Table,self_modify_comparisons_text_list,28.20,40.00,--,--,50.60,53.57,2.91,15.18,74.70,76.79,76.93,80.36,--,--,74.70,76.79
Jump Table,self_modify_indirectBranch_array,24.23,38.73,--,--,40.31,50.70,74.36,73.94,76.24,80.28,75.70,78.52,--,--,75.52,78.87
Jump Table,self_modify_indirectBranch_clobber_array,24.21,38.73,--,--,39.49,49.30,74.36,73.94,76.24,80.28,75.59,78.17,--,--,75.25,77.46
Jump Table,self_modify_indirectBranch_clobber_env,24.57,39.29,--,--,38.77,45.71,74.00,73.57,75.90,80.00,75.24,77.86,--,--,74.89,77.14
Jump Table,self_modify_indirectBranch_clobber_list,24.23,38.73,--,--,52.78,60.56,74.36,73.94,76.24,80.28,75.70,78.52,--,--,75.25,77.46
Jump Table,self_modify_indirectBranch_env,24.57,39.29,--,--,44.72,57.14,74.00,73.57,75.90,80.00,75.24,77.38,--,--,75.17,78.57
Jump Table,self_modify_indirectBranch_list,24.23,38.73,--,--,34.99,47.89,74.36,73.94,76.24,80.28,75.59,78.17,--,--,75.17,77.46
Jump Table,self_modify_indirectBranch_stack_array,24.21,38.73,--,--,39.49,49.30,74.36,73.94,76.24,80.28,75.59,78.17,--,--,75.25,77.46
Jump Table,self_modify_indirectBranch_stack_env,24.23,38.73,--,--,38.22,45.07,74.36,73.94,76.24,80.28,75.59,77.70,--,--,75.25,77.46
Jump Table,self_modify_indirectBranch_stack_list,24.57,39.29,--,--,53.54,61.43,74.00,73.57,75.90,80.00,75.24,77.86,--,--,74.89,77.14
Jump Table,self_modify_indirectBranch_text_array,24.21,38.73,--,--,39.49,49.30,74.36,73.94,76.24,80.28,75.35,77.82,--,--,75.25,77.46
Jump Table,self_modify_indirectBranch_text_env,24.23,38.73,--,--,38.22,45.07,74.36,73.94,76.24,80.28,75.59,78.17,--,--,75.25,77.46
Jump Table,self_modify_indirectBranch_text_list,24.23,38.73,--,--,52.78,60.56,74.36,73.94,76.24,80.28,75.70,78.05,--,--,75.25,77.46
Jump Table,virtualize_binary,79.12,100,--,--,18.75,18.75,78.12,78.12,78.12,78.12,82.29,90.62,--,--,78.12,78.12
Jump Table,virtualize_call,76.39,100,--,--,82.56,100,97.44,100,95.88,100,95.88,100,--,--,92.31,96.15
Jump Table,virtualize_direct,79.96,100,--,--,15.15,15.15,96.55,88.95,83.33,90.91,78.79,78.79,--,--,78.79,78.79
Jump Table,virtualize_ifnest,72.72,100,--,--,78.70,100,96.45,100,94.53,100,94.53,100,--,--,93.81,100
Jump Table,virtualize_indirect,76.78,100,--,--,18.75,18.75,96.45,100,94.53,100,78.12,78.12,--,--,78.12,78.12
Jump Table,virtualize_interpolation,79.12,100,--,--,18.75,18.75,78.12,78.12,78.12,78.12,82.29,90.62,--,--,78.12,78.12
Jump Table,virtualize_linear,79.12,100,--,--,18.75,18.75,78.12,78.12,78.91,81.25,82.29,90.62,--,--,78.12,78.12
Jump Table,virtualize_switch,81.67,99.28,--,--,85.54,100,97.74,93.77,96.81,100,96.81,100,--,--,95.68,100
